{"cameraMode":{"drawMode":0,"name":"Shaded","section":"Shading Mode"},"sceneLighting":false,"audioPlay":false,"sceneViewState":{"m_AlwaysRefresh":false,"showFog":true,"showSkybox":false,"showFlares":true,"showImageEffects":true,"showParticleSystems":true,"showVisualEffectGraphs":true,"m_FxEnabled":true},"in2DMode":false,"pivot":{"x":0.4335329234600067,"y":0.3412027955055237,"z":-0.26221707463264468},"rotation":{"x":0.24099448323249818,"y":-0.44064411520957949,"z":0.12408921122550965,"w":0.8557773232460022},"size":0.007068157196044922,"orthographic":false}