{"cameraMode":{"drawMode":0,"name":"Shaded","section":"Shading Mode"},"sceneLighting":false,"audioPlay":false,"sceneViewState":{"m_AlwaysRefresh":false,"showFog":true,"showSkybox":false,"showFlares":true,"showImageEffects":true,"showParticleSystems":true,"showVisualEffectGraphs":true,"m_FxEnabled":true},"in2DMode":false,"pivot":{"x":0.11302804946899414,"y":2.8206400871276857,"z":-0.01086890697479248},"rotation":{"x":0.166579931974411,"y":-0.08566858619451523,"z":0.014528710395097733,"w":0.982204258441925},"size":4.110926628112793,"orthographic":false}