{"cameraMode":{"drawMode":0,"name":"Shaded","section":"Shading Mode"},"sceneLighting":false,"audioPlay":false,"sceneViewState":{"m_AlwaysRefresh":false,"showFog":true,"showSkybox":false,"showFlares":true,"showImageEffects":true,"showParticleSystems":true,"showVisualEffectGraphs":true,"m_FxEnabled":true},"in2DMode":false,"pivot":{"x":0.023471277207136155,"y":0.038863405585289,"z":-0.11193741858005524},"rotation":{"x":0.04797617346048355,"y":-0.014982162974774838,"z":0.0007196966325864196,"w":0.998735785484314},"size":0.07305699586868286,"orthographic":false}