{"cameraMode":{"drawMode":0,"name":"Shaded","section":"Shading Mode"},"sceneLighting":false,"audioPlay":false,"sceneViewState":{"m_AlwaysRefresh":false,"showFog":true,"showSkybox":false,"showFlares":true,"showImageEffects":true,"showParticleSystems":true,"showVisualEffectGraphs":true,"m_FxEnabled":true},"in2DMode":false,"pivot":{"x":0.46681705117225649,"y":0.5538344979286194,"z":-3.681680917739868},"rotation":{"x":0.2246386706829071,"y":-0.10790476948022843,"z":0.025037674233317376,"w":0.9681258201599121},"size":-0.06794857978820801,"orthographic":false}