{"cameraMode":{"drawMode":0,"name":"Shaded","section":"Shading Mode"},"sceneLighting":false,"audioPlay":false,"sceneViewState":{"m_AlwaysRefresh":false,"showFog":true,"showSkybox":false,"showFlares":true,"showImageEffects":true,"showParticleSystems":true,"showVisualEffectGraphs":true,"m_FxEnabled":true},"in2DMode":false,"pivot":{"x":0.1515495777130127,"y":4.036100387573242,"z":-1.8749651908874512},"rotation":{"x":0.34061142802238467,"y":-0.21583527326583863,"z":0.08065144717693329,"w":0.9115363359451294},"size":9.408032417297364,"orthographic":false}